time_key,hour_of_day,time_bucket,is_daytime,hour_label
0,0,Night,0,12:00 AM
1,0,Night,0,12:01 AM
2,0,Night,0,12:02 AM
3,0,Night,0,12:03 AM
4,0,Night,0,12:04 AM
5,0,Night,0,12:05 AM
6,0,Night,0,12:06 AM
7,0,Night,0,12:07 AM
8,0,Night,0,12:08 AM
9,0,Night,0,12:09 AM
10,0,Night,0,12:10 AM
11,0,Night,0,12:11 AM
12,0,Night,0,12:12 AM
13,0,Night,0,12:13 AM
14,0,Night,0,12:14 AM
15,0,Night,0,12:15 AM
16,0,Night,0,12:16 AM
17,0,Night,0,12:17 AM
18,0,Night,0,12:18 AM
19,0,Night,0,12:19 AM
20,0,Night,0,12:20 AM
21,0,Night,0,12:21 AM
22,0,Night,0,12:22 AM
23,0,Night,0,12:23 AM
24,0,Night,0,12:24 AM
25,0,Night,0,12:25 AM
26,0,Night,0,12:26 AM
27,0,Night,0,12:27 AM
28,0,Night,0,12:28 AM
29,0,Night,0,12:29 AM
30,0,Night,0,12:30 AM
31,0,Night,0,12:31 AM
32,0,Night,0,12:32 AM
33,0,Night,0,12:33 AM
34,0,Night,0,12:34 AM
35,0,Night,0,12:35 AM
36,0,Night,0,12:36 AM
37,0,Night,0,12:37 AM
38,0,Night,0,12:38 AM
39,0,Night,0,12:39 AM
40,0,Night,0,12:40 AM
41,0,Night,0,12:41 AM
42,0,Night,0,12:42 AM
43,0,Night,0,12:43 AM
44,0,Night,0,12:44 AM
45,0,Night,0,12:45 AM
46,0,Night,0,12:46 AM
47,0,Night,0,12:47 AM
48,0,Night,0,12:48 AM
49,0,Night,0,12:49 AM
50,0,Night,0,12:50 AM
51,0,Night,0,12:51 AM
52,0,Night,0,12:52 AM
53,0,Night,0,12:53 AM
54,0,Night,0,12:54 AM
55,0,Night,0,12:55 AM
56,0,Night,0,12:56 AM
57,0,Night,0,12:57 AM
58,0,Night,0,12:58 AM
59,0,Night,0,12:59 AM
100,1,Night,0,01:00 AM
101,1,Night,0,01:01 AM
102,1,Night,0,01:02 AM
103,1,Night,0,01:03 AM
104,1,Night,0,01:04 AM
105,1,Night,0,01:05 AM
106,1,Night,0,01:06 AM
107,1,Night,0,01:07 AM
108,1,Night,0,01:08 AM
109,1,Night,0,01:09 AM
110,1,Night,0,01:10 AM
111,1,Night,0,01:11 AM
112,1,Night,0,01:12 AM
113,1,Night,0,01:13 AM
114,1,Night,0,01:14 AM
115,1,Night,0,01:15 AM
116,1,Night,0,01:16 AM
117,1,Night,0,01:17 AM
118,1,Night,0,01:18 AM
119,1,Night,0,01:19 AM
120,1,Night,0,01:20 AM
121,1,Night,0,01:21 AM
122,1,Night,0,01:22 AM
123,1,Night,0,01:23 AM
124,1,Night,0,01:24 AM
125,1,Night,0,01:25 AM
126,1,Night,0,01:26 AM
127,1,Night,0,01:27 AM
128,1,Night,0,01:28 AM
129,1,Night,0,01:29 AM
130,1,Night,0,01:30 AM
131,1,Night,0,01:31 AM
132,1,Night,0,01:32 AM
133,1,Night,0,01:33 AM
134,1,Night,0,01:34 AM
135,1,Night,0,01:35 AM
136,1,Night,0,01:36 AM
137,1,Night,0,01:37 AM
138,1,Night,0,01:38 AM
139,1,Night,0,01:39 AM
140,1,Night,0,01:40 AM
141,1,Night,0,01:41 AM
142,1,Night,0,01:42 AM
143,1,Night,0,01:43 AM
144,1,Night,0,01:44 AM
145,1,Night,0,01:45 AM
146,1,Night,0,01:46 AM
147,1,Night,0,01:47 AM
148,1,Night,0,01:48 AM
149,1,Night,0,01:49 AM
150,1,Night,0,01:50 AM
151,1,Night,0,01:51 AM
152,1,Night,0,01:52 AM
153,1,Night,0,01:53 AM
154,1,Night,0,01:54 AM
155,1,Night,0,01:55 AM
156,1,Night,0,01:56 AM
157,1,Night,0,01:57 AM
158,1,Night,0,01:58 AM
159,1,Night,0,01:59 AM
200,2,Night,0,02:00 AM
201,2,Night,0,02:01 AM
202,2,Night,0,02:02 AM
203,2,Night,0,02:03 AM
204,2,Night,0,02:04 AM
205,2,Night,0,02:05 AM
206,2,Night,0,02:06 AM
207,2,Night,0,02:07 AM
208,2,Night,0,02:08 AM
209,2,Night,0,02:09 AM
210,2,Night,0,02:10 AM
211,2,Night,0,02:11 AM
212,2,Night,0,02:12 AM
213,2,Night,0,02:13 AM
214,2,Night,0,02:14 AM
215,2,Night,0,02:15 AM
216,2,Night,0,02:16 AM
217,2,Night,0,02:17 AM
218,2,Night,0,02:18 AM
219,2,Night,0,02:19 AM
220,2,Night,0,02:20 AM
221,2,Night,0,02:21 AM
222,2,Night,0,02:22 AM
223,2,Night,0,02:23 AM
224,2,Night,0,02:24 AM
225,2,Night,0,02:25 AM
226,2,Night,0,02:26 AM
227,2,Night,0,02:27 AM
228,2,Night,0,02:28 AM
229,2,Night,0,02:29 AM
230,2,Night,0,02:30 AM
231,2,Night,0,02:31 AM
232,2,Night,0,02:32 AM
233,2,Night,0,02:33 AM
234,2,Night,0,02:34 AM
235,2,Night,0,02:35 AM
236,2,Night,0,02:36 AM
237,2,Night,0,02:37 AM
238,2,Night,0,02:38 AM
239,2,Night,0,02:39 AM
240,2,Night,0,02:40 AM
241,2,Night,0,02:41 AM
242,2,Night,0,02:42 AM
243,2,Night,0,02:43 AM
244,2,Night,0,02:44 AM
245,2,Night,0,02:45 AM
246,2,Night,0,02:46 AM
247,2,Night,0,02:47 AM
248,2,Night,0,02:48 AM
249,2,Night,0,02:49 AM
250,2,Night,0,02:50 AM
251,2,Night,0,02:51 AM
252,2,Night,0,02:52 AM
253,2,Night,0,02:53 AM
254,2,Night,0,02:54 AM
255,2,Night,0,02:55 AM
256,2,Night,0,02:56 AM
257,2,Night,0,02:57 AM
258,2,Night,0,02:58 AM
259,2,Night,0,02:59 AM
300,3,Night,0,03:00 AM
301,3,Night,0,03:01 AM
302,3,Night,0,03:02 AM
303,3,Night,0,03:03 AM
304,3,Night,0,03:04 AM
305,3,Night,0,03:05 AM
306,3,Night,0,03:06 AM
307,3,Night,0,03:07 AM
308,3,Night,0,03:08 AM
309,3,Night,0,03:09 AM
310,3,Night,0,03:10 AM
311,3,Night,0,03:11 AM
312,3,Night,0,03:12 AM
313,3,Night,0,03:13 AM
314,3,Night,0,03:14 AM
315,3,Night,0,03:15 AM
316,3,Night,0,03:16 AM
317,3,Night,0,03:17 AM
318,3,Night,0,03:18 AM
319,3,Night,0,03:19 AM
320,3,Night,0,03:20 AM
321,3,Night,0,03:21 AM
322,3,Night,0,03:22 AM
323,3,Night,0,03:23 AM
324,3,Night,0,03:24 AM
325,3,Night,0,03:25 AM
326,3,Night,0,03:26 AM
327,3,Night,0,03:27 AM
328,3,Night,0,03:28 AM
329,3,Night,0,03:29 AM
330,3,Night,0,03:30 AM
331,3,Night,0,03:31 AM
332,3,Night,0,03:32 AM
333,3,Night,0,03:33 AM
334,3,Night,0,03:34 AM
335,3,Night,0,03:35 AM
336,3,Night,0,03:36 AM
337,3,Night,0,03:37 AM
338,3,Night,0,03:38 AM
339,3,Night,0,03:39 AM
340,3,Night,0,03:40 AM
341,3,Night,0,03:41 AM
342,3,Night,0,03:42 AM
343,3,Night,0,03:43 AM
344,3,Night,0,03:44 AM
345,3,Night,0,03:45 AM
346,3,Night,0,03:46 AM
347,3,Night,0,03:47 AM
348,3,Night,0,03:48 AM
349,3,Night,0,03:49 AM
350,3,Night,0,03:50 AM
351,3,Night,0,03:51 AM
352,3,Night,0,03:52 AM
353,3,Night,0,03:53 AM
354,3,Night,0,03:54 AM
355,3,Night,0,03:55 AM
356,3,Night,0,03:56 AM
357,3,Night,0,03:57 AM
358,3,Night,0,03:58 AM
359,3,Night,0,03:59 AM
400,4,Night,0,04:00 AM
401,4,Night,0,04:01 AM
402,4,Night,0,04:02 AM
403,4,Night,0,04:03 AM
404,4,Night,0,04:04 AM
405,4,Night,0,04:05 AM
406,4,Night,0,04:06 AM
407,4,Night,0,04:07 AM
408,4,Night,0,04:08 AM
409,4,Night,0,04:09 AM
410,4,Night,0,04:10 AM
411,4,Night,0,04:11 AM
412,4,Night,0,04:12 AM
413,4,Night,0,04:13 AM
414,4,Night,0,04:14 AM
415,4,Night,0,04:15 AM
416,4,Night,0,04:16 AM
417,4,Night,0,04:17 AM
418,4,Night,0,04:18 AM
419,4,Night,0,04:19 AM
420,4,Night,0,04:20 AM
421,4,Night,0,04:21 AM
422,4,Night,0,04:22 AM
423,4,Night,0,04:23 AM
424,4,Night,0,04:24 AM
425,4,Night,0,04:25 AM
426,4,Night,0,04:26 AM
427,4,Night,0,04:27 AM
428,4,Night,0,04:28 AM
429,4,Night,0,04:29 AM
430,4,Night,0,04:30 AM
431,4,Night,0,04:31 AM
432,4,Night,0,04:32 AM
433,4,Night,0,04:33 AM
434,4,Night,0,04:34 AM
435,4,Night,0,04:35 AM
436,4,Night,0,04:36 AM
437,4,Night,0,04:37 AM
438,4,Night,0,04:38 AM
439,4,Night,0,04:39 AM
440,4,Night,0,04:40 AM
441,4,Night,0,04:41 AM
442,4,Night,0,04:42 AM
443,4,Night,0,04:43 AM
444,4,Night,0,04:44 AM
445,4,Night,0,04:45 AM
446,4,Night,0,04:46 AM
447,4,Night,0,04:47 AM
448,4,Night,0,04:48 AM
449,4,Night,0,04:49 AM
450,4,Night,0,04:50 AM
451,4,Night,0,04:51 AM
452,4,Night,0,04:52 AM
453,4,Night,0,04:53 AM
454,4,Night,0,04:54 AM
455,4,Night,0,04:55 AM
456,4,Night,0,04:56 AM
457,4,Night,0,04:57 AM
458,4,Night,0,04:58 AM
459,4,Night,0,04:59 AM
500,5,Morning,0,05:00 AM
501,5,Morning,0,05:01 AM
502,5,Morning,0,05:02 AM
503,5,Morning,0,05:03 AM
504,5,Morning,0,05:04 AM
505,5,Morning,0,05:05 AM
506,5,Morning,0,05:06 AM
507,5,Morning,0,05:07 AM
508,5,Morning,0,05:08 AM
509,5,Morning,0,05:09 AM
510,5,Morning,0,05:10 AM
511,5,Morning,0,05:11 AM
512,5,Morning,0,05:12 AM
513,5,Morning,0,05:13 AM
514,5,Morning,0,05:14 AM
515,5,Morning,0,05:15 AM
516,5,Morning,0,05:16 AM
517,5,Morning,0,05:17 AM
518,5,Morning,0,05:18 AM
519,5,Morning,0,05:19 AM
520,5,Morning,0,05:20 AM
521,5,Morning,0,05:21 AM
522,5,Morning,0,05:22 AM
523,5,Morning,0,05:23 AM
524,5,Morning,0,05:24 AM
525,5,Morning,0,05:25 AM
526,5,Morning,0,05:26 AM
527,5,Morning,0,05:27 AM
528,5,Morning,0,05:28 AM
529,5,Morning,0,05:29 AM
530,5,Morning,0,05:30 AM
531,5,Morning,0,05:31 AM
532,5,Morning,0,05:32 AM
533,5,Morning,0,05:33 AM
534,5,Morning,0,05:34 AM
535,5,Morning,0,05:35 AM
536,5,Morning,0,05:36 AM
537,5,Morning,0,05:37 AM
538,5,Morning,0,05:38 AM
539,5,Morning,0,05:39 AM
540,5,Morning,0,05:40 AM
541,5,Morning,0,05:41 AM
542,5,Morning,0,05:42 AM
543,5,Morning,0,05:43 AM
544,5,Morning,0,05:44 AM
545,5,Morning,0,05:45 AM
546,5,Morning,0,05:46 AM
547,5,Morning,0,05:47 AM
548,5,Morning,0,05:48 AM
549,5,Morning,0,05:49 AM
550,5,Morning,0,05:50 AM
551,5,Morning,0,05:51 AM
552,5,Morning,0,05:52 AM
553,5,Morning,0,05:53 AM
554,5,Morning,0,05:54 AM
555,5,Morning,0,05:55 AM
556,5,Morning,0,05:56 AM
557,5,Morning,0,05:57 AM
558,5,Morning,0,05:58 AM
559,5,Morning,0,05:59 AM
600,6,Morning,1,06:00 AM
601,6,Morning,1,06:01 AM
602,6,Morning,1,06:02 AM
603,6,Morning,1,06:03 AM
604,6,Morning,1,06:04 AM
605,6,Morning,1,06:05 AM
606,6,Morning,1,06:06 AM
607,6,Morning,1,06:07 AM
608,6,Morning,1,06:08 AM
609,6,Morning,1,06:09 AM
610,6,Morning,1,06:10 AM
611,6,Morning,1,06:11 AM
612,6,Morning,1,06:12 AM
613,6,Morning,1,06:13 AM
614,6,Morning,1,06:14 AM
615,6,Morning,1,06:15 AM
616,6,Morning,1,06:16 AM
617,6,Morning,1,06:17 AM
618,6,Morning,1,06:18 AM
619,6,Morning,1,06:19 AM
620,6,Morning,1,06:20 AM
621,6,Morning,1,06:21 AM
622,6,Morning,1,06:22 AM
623,6,Morning,1,06:23 AM
624,6,Morning,1,06:24 AM
625,6,Morning,1,06:25 AM
626,6,Morning,1,06:26 AM
627,6,Morning,1,06:27 AM
628,6,Morning,1,06:28 AM
629,6,Morning,1,06:29 AM
630,6,Morning,1,06:30 AM
631,6,Morning,1,06:31 AM
632,6,Morning,1,06:32 AM
633,6,Morning,1,06:33 AM
634,6,Morning,1,06:34 AM
635,6,Morning,1,06:35 AM
636,6,Morning,1,06:36 AM
637,6,Morning,1,06:37 AM
638,6,Morning,1,06:38 AM
639,6,Morning,1,06:39 AM
640,6,Morning,1,06:40 AM
641,6,Morning,1,06:41 AM
642,6,Morning,1,06:42 AM
643,6,Morning,1,06:43 AM
644,6,Morning,1,06:44 AM
645,6,Morning,1,06:45 AM
646,6,Morning,1,06:46 AM
647,6,Morning,1,06:47 AM
648,6,Morning,1,06:48 AM
649,6,Morning,1,06:49 AM
650,6,Morning,1,06:50 AM
651,6,Morning,1,06:51 AM
652,6,Morning,1,06:52 AM
653,6,Morning,1,06:53 AM
654,6,Morning,1,06:54 AM
655,6,Morning,1,06:55 AM
656,6,Morning,1,06:56 AM
657,6,Morning,1,06:57 AM
658,6,Morning,1,06:58 AM
659,6,Morning,1,06:59 AM
700,7,Morning,1,07:00 AM
701,7,Morning,1,07:01 AM
702,7,Morning,1,07:02 AM
703,7,Morning,1,07:03 AM
704,7,Morning,1,07:04 AM
705,7,Morning,1,07:05 AM
706,7,Morning,1,07:06 AM
707,7,Morning,1,07:07 AM
708,7,Morning,1,07:08 AM
709,7,Morning,1,07:09 AM
710,7,Morning,1,07:10 AM
711,7,Morning,1,07:11 AM
712,7,Morning,1,07:12 AM
713,7,Morning,1,07:13 AM
714,7,Morning,1,07:14 AM
715,7,Morning,1,07:15 AM
716,7,Morning,1,07:16 AM
717,7,Morning,1,07:17 AM
718,7,Morning,1,07:18 AM
719,7,Morning,1,07:19 AM
720,7,Morning,1,07:20 AM
721,7,Morning,1,07:21 AM
722,7,Morning,1,07:22 AM
723,7,Morning,1,07:23 AM
724,7,Morning,1,07:24 AM
725,7,Morning,1,07:25 AM
726,7,Morning,1,07:26 AM
727,7,Morning,1,07:27 AM
728,7,Morning,1,07:28 AM
729,7,Morning,1,07:29 AM
730,7,Morning,1,07:30 AM
731,7,Morning,1,07:31 AM
732,7,Morning,1,07:32 AM
733,7,Morning,1,07:33 AM
734,7,Morning,1,07:34 AM
735,7,Morning,1,07:35 AM
736,7,Morning,1,07:36 AM
737,7,Morning,1,07:37 AM
738,7,Morning,1,07:38 AM
739,7,Morning,1,07:39 AM
740,7,Morning,1,07:40 AM
741,7,Morning,1,07:41 AM
742,7,Morning,1,07:42 AM
743,7,Morning,1,07:43 AM
744,7,Morning,1,07:44 AM
745,7,Morning,1,07:45 AM
746,7,Morning,1,07:46 AM
747,7,Morning,1,07:47 AM
748,7,Morning,1,07:48 AM
749,7,Morning,1,07:49 AM
750,7,Morning,1,07:50 AM
751,7,Morning,1,07:51 AM
752,7,Morning,1,07:52 AM
753,7,Morning,1,07:53 AM
754,7,Morning,1,07:54 AM
755,7,Morning,1,07:55 AM
756,7,Morning,1,07:56 AM
757,7,Morning,1,07:57 AM
758,7,Morning,1,07:58 AM
759,7,Morning,1,07:59 AM
800,8,Morning,1,08:00 AM
801,8,Morning,1,08:01 AM
802,8,Morning,1,08:02 AM
803,8,Morning,1,08:03 AM
804,8,Morning,1,08:04 AM
805,8,Morning,1,08:05 AM
806,8,Morning,1,08:06 AM
807,8,Morning,1,08:07 AM
808,8,Morning,1,08:08 AM
809,8,Morning,1,08:09 AM
810,8,Morning,1,08:10 AM
811,8,Morning,1,08:11 AM
812,8,Morning,1,08:12 AM
813,8,Morning,1,08:13 AM
814,8,Morning,1,08:14 AM
815,8,Morning,1,08:15 AM
816,8,Morning,1,08:16 AM
817,8,Morning,1,08:17 AM
818,8,Morning,1,08:18 AM
819,8,Morning,1,08:19 AM
820,8,Morning,1,08:20 AM
821,8,Morning,1,08:21 AM
822,8,Morning,1,08:22 AM
823,8,Morning,1,08:23 AM
824,8,Morning,1,08:24 AM
825,8,Morning,1,08:25 AM
826,8,Morning,1,08:26 AM
827,8,Morning,1,08:27 AM
828,8,Morning,1,08:28 AM
829,8,Morning,1,08:29 AM
830,8,Morning,1,08:30 AM
831,8,Morning,1,08:31 AM
832,8,Morning,1,08:32 AM
833,8,Morning,1,08:33 AM
834,8,Morning,1,08:34 AM
835,8,Morning,1,08:35 AM
836,8,Morning,1,08:36 AM
837,8,Morning,1,08:37 AM
838,8,Morning,1,08:38 AM
839,8,Morning,1,08:39 AM
840,8,Morning,1,08:40 AM
841,8,Morning,1,08:41 AM
842,8,Morning,1,08:42 AM
843,8,Morning,1,08:43 AM
844,8,Morning,1,08:44 AM
845,8,Morning,1,08:45 AM
846,8,Morning,1,08:46 AM
847,8,Morning,1,08:47 AM
848,8,Morning,1,08:48 AM
849,8,Morning,1,08:49 AM
850,8,Morning,1,08:50 AM
851,8,Morning,1,08:51 AM
852,8,Morning,1,08:52 AM
853,8,Morning,1,08:53 AM
854,8,Morning,1,08:54 AM
855,8,Morning,1,08:55 AM
856,8,Morning,1,08:56 AM
857,8,Morning,1,08:57 AM
858,8,Morning,1,08:58 AM
859,8,Morning,1,08:59 AM
900,9,Morning,1,09:00 AM
901,9,Morning,1,09:01 AM
902,9,Morning,1,09:02 AM
903,9,Morning,1,09:03 AM
904,9,Morning,1,09:04 AM
905,9,Morning,1,09:05 AM
906,9,Morning,1,09:06 AM
907,9,Morning,1,09:07 AM
908,9,Morning,1,09:08 AM
909,9,Morning,1,09:09 AM
910,9,Morning,1,09:10 AM
911,9,Morning,1,09:11 AM
912,9,Morning,1,09:12 AM
913,9,Morning,1,09:13 AM
914,9,Morning,1,09:14 AM
915,9,Morning,1,09:15 AM
916,9,Morning,1,09:16 AM
917,9,Morning,1,09:17 AM
918,9,Morning,1,09:18 AM
919,9,Morning,1,09:19 AM
920,9,Morning,1,09:20 AM
921,9,Morning,1,09:21 AM
922,9,Morning,1,09:22 AM
923,9,Morning,1,09:23 AM
924,9,Morning,1,09:24 AM
925,9,Morning,1,09:25 AM
926,9,Morning,1,09:26 AM
927,9,Morning,1,09:27 AM
928,9,Morning,1,09:28 AM
929,9,Morning,1,09:29 AM
930,9,Morning,1,09:30 AM
931,9,Morning,1,09:31 AM
932,9,Morning,1,09:32 AM
933,9,Morning,1,09:33 AM
934,9,Morning,1,09:34 AM
935,9,Morning,1,09:35 AM
936,9,Morning,1,09:36 AM
937,9,Morning,1,09:37 AM
938,9,Morning,1,09:38 AM
939,9,Morning,1,09:39 AM
940,9,Morning,1,09:40 AM
941,9,Morning,1,09:41 AM
942,9,Morning,1,09:42 AM
943,9,Morning,1,09:43 AM
944,9,Morning,1,09:44 AM
945,9,Morning,1,09:45 AM
946,9,Morning,1,09:46 AM
947,9,Morning,1,09:47 AM
948,9,Morning,1,09:48 AM
949,9,Morning,1,09:49 AM
950,9,Morning,1,09:50 AM
951,9,Morning,1,09:51 AM
952,9,Morning,1,09:52 AM
953,9,Morning,1,09:53 AM
954,9,Morning,1,09:54 AM
955,9,Morning,1,09:55 AM
956,9,Morning,1,09:56 AM
957,9,Morning,1,09:57 AM
958,9,Morning,1,09:58 AM
959,9,Morning,1,09:59 AM
1000,10,Morning,1,10:00 AM
1001,10,Morning,1,10:01 AM
1002,10,Morning,1,10:02 AM
1003,10,Morning,1,10:03 AM
1004,10,Morning,1,10:04 AM
1005,10,Morning,1,10:05 AM
1006,10,Morning,1,10:06 AM
1007,10,Morning,1,10:07 AM
1008,10,Morning,1,10:08 AM
1009,10,Morning,1,10:09 AM
1010,10,Morning,1,10:10 AM
1011,10,Morning,1,10:11 AM
1012,10,Morning,1,10:12 AM
1013,10,Morning,1,10:13 AM
1014,10,Morning,1,10:14 AM
1015,10,Morning,1,10:15 AM
1016,10,Morning,1,10:16 AM
1017,10,Morning,1,10:17 AM
1018,10,Morning,1,10:18 AM
1019,10,Morning,1,10:19 AM
1020,10,Morning,1,10:20 AM
1021,10,Morning,1,10:21 AM
1022,10,Morning,1,10:22 AM
1023,10,Morning,1,10:23 AM
1024,10,Morning,1,10:24 AM
1025,10,Morning,1,10:25 AM
1026,10,Morning,1,10:26 AM
1027,10,Morning,1,10:27 AM
1028,10,Morning,1,10:28 AM
1029,10,Morning,1,10:29 AM
1030,10,Morning,1,10:30 AM
1031,10,Morning,1,10:31 AM
1032,10,Morning,1,10:32 AM
1033,10,Morning,1,10:33 AM
1034,10,Morning,1,10:34 AM
1035,10,Morning,1,10:35 AM
1036,10,Morning,1,10:36 AM
1037,10,Morning,1,10:37 AM
1038,10,Morning,1,10:38 AM
1039,10,Morning,1,10:39 AM
1040,10,Morning,1,10:40 AM
1041,10,Morning,1,10:41 AM
1042,10,Morning,1,10:42 AM
1043,10,Morning,1,10:43 AM
1044,10,Morning,1,10:44 AM
1045,10,Morning,1,10:45 AM
1046,10,Morning,1,10:46 AM
1047,10,Morning,1,10:47 AM
1048,10,Morning,1,10:48 AM
1049,10,Morning,1,10:49 AM
1050,10,Morning,1,10:50 AM
1051,10,Morning,1,10:51 AM
1052,10,Morning,1,10:52 AM
1053,10,Morning,1,10:53 AM
1054,10,Morning,1,10:54 AM
1055,10,Morning,1,10:55 AM
1056,10,Morning,1,10:56 AM
1057,10,Morning,1,10:57 AM
1058,10,Morning,1,10:58 AM
1059,10,Morning,1,10:59 AM
1100,11,Morning,1,11:00 AM
1101,11,Morning,1,11:01 AM
1102,11,Morning,1,11:02 AM
1103,11,Morning,1,11:03 AM
1104,11,Morning,1,11:04 AM
1105,11,Morning,1,11:05 AM
1106,11,Morning,1,11:06 AM
1107,11,Morning,1,11:07 AM
1108,11,Morning,1,11:08 AM
1109,11,Morning,1,11:09 AM
1110,11,Morning,1,11:10 AM
1111,11,Morning,1,11:11 AM
1112,11,Morning,1,11:12 AM
1113,11,Morning,1,11:13 AM
1114,11,Morning,1,11:14 AM
1115,11,Morning,1,11:15 AM
1116,11,Morning,1,11:16 AM
1117,11,Morning,1,11:17 AM
1118,11,Morning,1,11:18 AM
1119,11,Morning,1,11:19 AM
1120,11,Morning,1,11:20 AM
1121,11,Morning,1,11:21 AM
1122,11,Morning,1,11:22 AM
1123,11,Morning,1,11:23 AM
1124,11,Morning,1,11:24 AM
1125,11,Morning,1,11:25 AM
1126,11,Morning,1,11:26 AM
1127,11,Morning,1,11:27 AM
1128,11,Morning,1,11:28 AM
1129,11,Morning,1,11:29 AM
1130,11,Morning,1,11:30 AM
1131,11,Morning,1,11:31 AM
1132,11,Morning,1,11:32 AM
1133,11,Morning,1,11:33 AM
1134,11,Morning,1,11:34 AM
1135,11,Morning,1,11:35 AM
1136,11,Morning,1,11:36 AM
1137,11,Morning,1,11:37 AM
1138,11,Morning,1,11:38 AM
1139,11,Morning,1,11:39 AM
1140,11,Morning,1,11:40 AM
1141,11,Morning,1,11:41 AM
1142,11,Morning,1,11:42 AM
1143,11,Morning,1,11:43 AM
1144,11,Morning,1,11:44 AM
1145,11,Morning,1,11:45 AM
1146,11,Morning,1,11:46 AM
1147,11,Morning,1,11:47 AM
1148,11,Morning,1,11:48 AM
1149,11,Morning,1,11:49 AM
1150,11,Morning,1,11:50 AM
1151,11,Morning,1,11:51 AM
1152,11,Morning,1,11:52 AM
1153,11,Morning,1,11:53 AM
1154,11,Morning,1,11:54 AM
1155,11,Morning,1,11:55 AM
1156,11,Morning,1,11:56 AM
1157,11,Morning,1,11:57 AM
1158,11,Morning,1,11:58 AM
1159,11,Morning,1,11:59 AM
1200,12,Afternoon,1,12:00 PM
1201,12,Afternoon,1,12:01 PM
1202,12,Afternoon,1,12:02 PM
1203,12,Afternoon,1,12:03 PM
1204,12,Afternoon,1,12:04 PM
1205,12,Afternoon,1,12:05 PM
1206,12,Afternoon,1,12:06 PM
1207,12,Afternoon,1,12:07 PM
1208,12,Afternoon,1,12:08 PM
1209,12,Afternoon,1,12:09 PM
1210,12,Afternoon,1,12:10 PM
1211,12,Afternoon,1,12:11 PM
1212,12,Afternoon,1,12:12 PM
1213,12,Afternoon,1,12:13 PM
1214,12,Afternoon,1,12:14 PM
1215,12,Afternoon,1,12:15 PM
1216,12,Afternoon,1,12:16 PM
1217,12,Afternoon,1,12:17 PM
1218,12,Afternoon,1,12:18 PM
1219,12,Afternoon,1,12:19 PM
1220,12,Afternoon,1,12:20 PM
1221,12,Afternoon,1,12:21 PM
1222,12,Afternoon,1,12:22 PM
1223,12,Afternoon,1,12:23 PM
1224,12,Afternoon,1,12:24 PM
1225,12,Afternoon,1,12:25 PM
1226,12,Afternoon,1,12:26 PM
1227,12,Afternoon,1,12:27 PM
1228,12,Afternoon,1,12:28 PM
1229,12,Afternoon,1,12:29 PM
1230,12,Afternoon,1,12:30 PM
1231,12,Afternoon,1,12:31 PM
1232,12,Afternoon,1,12:32 PM
1233,12,Afternoon,1,12:33 PM
1234,12,Afternoon,1,12:34 PM
1235,12,Afternoon,1,12:35 PM
1236,12,Afternoon,1,12:36 PM
1237,12,Afternoon,1,12:37 PM
1238,12,Afternoon,1,12:38 PM
1239,12,Afternoon,1,12:39 PM
1240,12,Afternoon,1,12:40 PM
1241,12,Afternoon,1,12:41 PM
1242,12,Afternoon,1,12:42 PM
1243,12,Afternoon,1,12:43 PM
1244,12,Afternoon,1,12:44 PM
1245,12,Afternoon,1,12:45 PM
1246,12,Afternoon,1,12:46 PM
1247,12,Afternoon,1,12:47 PM
1248,12,Afternoon,1,12:48 PM
1249,12,Afternoon,1,12:49 PM
1250,12,Afternoon,1,12:50 PM
1251,12,Afternoon,1,12:51 PM
1252,12,Afternoon,1,12:52 PM
1253,12,Afternoon,1,12:53 PM
1254,12,Afternoon,1,12:54 PM
1255,12,Afternoon,1,12:55 PM
1256,12,Afternoon,1,12:56 PM
1257,12,Afternoon,1,12:57 PM
1258,12,Afternoon,1,12:58 PM
1259,12,Afternoon,1,12:59 PM
1300,13,Afternoon,1,01:00 PM
1301,13,Afternoon,1,01:01 PM
1302,13,Afternoon,1,01:02 PM
1303,13,Afternoon,1,01:03 PM
1304,13,Afternoon,1,01:04 PM
1305,13,Afternoon,1,01:05 PM
1306,13,Afternoon,1,01:06 PM
1307,13,Afternoon,1,01:07 PM
1308,13,Afternoon,1,01:08 PM
1309,13,Afternoon,1,01:09 PM
1310,13,Afternoon,1,01:10 PM
1311,13,Afternoon,1,01:11 PM
1312,13,Afternoon,1,01:12 PM
1313,13,Afternoon,1,01:13 PM
1314,13,Afternoon,1,01:14 PM
1315,13,Afternoon,1,01:15 PM
1316,13,Afternoon,1,01:16 PM
1317,13,Afternoon,1,01:17 PM
1318,13,Afternoon,1,01:18 PM
1319,13,Afternoon,1,01:19 PM
1320,13,Afternoon,1,01:20 PM
1321,13,Afternoon,1,01:21 PM
1322,13,Afternoon,1,01:22 PM
1323,13,Afternoon,1,01:23 PM
1324,13,Afternoon,1,01:24 PM
1325,13,Afternoon,1,01:25 PM
1326,13,Afternoon,1,01:26 PM
1327,13,Afternoon,1,01:27 PM
1328,13,Afternoon,1,01:28 PM
1329,13,Afternoon,1,01:29 PM
1330,13,Afternoon,1,01:30 PM
1331,13,Afternoon,1,01:31 PM
1332,13,Afternoon,1,01:32 PM
1333,13,Afternoon,1,01:33 PM
1334,13,Afternoon,1,01:34 PM
1335,13,Afternoon,1,01:35 PM
1336,13,Afternoon,1,01:36 PM
1337,13,Afternoon,1,01:37 PM
1338,13,Afternoon,1,01:38 PM
1339,13,Afternoon,1,01:39 PM
1340,13,Afternoon,1,01:40 PM
1341,13,Afternoon,1,01:41 PM
1342,13,Afternoon,1,01:42 PM
1343,13,Afternoon,1,01:43 PM
1344,13,Afternoon,1,01:44 PM
1345,13,Afternoon,1,01:45 PM
1346,13,Afternoon,1,01:46 PM
1347,13,Afternoon,1,01:47 PM
1348,13,Afternoon,1,01:48 PM
1349,13,Afternoon,1,01:49 PM
1350,13,Afternoon,1,01:50 PM
1351,13,Afternoon,1,01:51 PM
1352,13,Afternoon,1,01:52 PM
1353,13,Afternoon,1,01:53 PM
1354,13,Afternoon,1,01:54 PM
1355,13,Afternoon,1,01:55 PM
1356,13,Afternoon,1,01:56 PM
1357,13,Afternoon,1,01:57 PM
1358,13,Afternoon,1,01:58 PM
1359,13,Afternoon,1,01:59 PM
1400,14,Afternoon,1,02:00 PM
1401,14,Afternoon,1,02:01 PM
1402,14,Afternoon,1,02:02 PM
1403,14,Afternoon,1,02:03 PM
1404,14,Afternoon,1,02:04 PM
1405,14,Afternoon,1,02:05 PM
1406,14,Afternoon,1,02:06 PM
1407,14,Afternoon,1,02:07 PM
1408,14,Afternoon,1,02:08 PM
1409,14,Afternoon,1,02:09 PM
1410,14,Afternoon,1,02:10 PM
1411,14,Afternoon,1,02:11 PM
1412,14,Afternoon,1,02:12 PM
1413,14,Afternoon,1,02:13 PM
1414,14,Afternoon,1,02:14 PM
1415,14,Afternoon,1,02:15 PM
1416,14,Afternoon,1,02:16 PM
1417,14,Afternoon,1,02:17 PM
1418,14,Afternoon,1,02:18 PM
1419,14,Afternoon,1,02:19 PM
1420,14,Afternoon,1,02:20 PM
1421,14,Afternoon,1,02:21 PM
1422,14,Afternoon,1,02:22 PM
1423,14,Afternoon,1,02:23 PM
1424,14,Afternoon,1,02:24 PM
1425,14,Afternoon,1,02:25 PM
1426,14,Afternoon,1,02:26 PM
1427,14,Afternoon,1,02:27 PM
1428,14,Afternoon,1,02:28 PM
1429,14,Afternoon,1,02:29 PM
1430,14,Afternoon,1,02:30 PM
1431,14,Afternoon,1,02:31 PM
1432,14,Afternoon,1,02:32 PM
1433,14,Afternoon,1,02:33 PM
1434,14,Afternoon,1,02:34 PM
1435,14,Afternoon,1,02:35 PM
1436,14,Afternoon,1,02:36 PM
1437,14,Afternoon,1,02:37 PM
1438,14,Afternoon,1,02:38 PM
1439,14,Afternoon,1,02:39 PM
1440,14,Afternoon,1,02:40 PM
1441,14,Afternoon,1,02:41 PM
1442,14,Afternoon,1,02:42 PM
1443,14,Afternoon,1,02:43 PM
1444,14,Afternoon,1,02:44 PM
1445,14,Afternoon,1,02:45 PM
1446,14,Afternoon,1,02:46 PM
1447,14,Afternoon,1,02:47 PM
1448,14,Afternoon,1,02:48 PM
1449,14,Afternoon,1,02:49 PM
1450,14,Afternoon,1,02:50 PM
1451,14,Afternoon,1,02:51 PM
1452,14,Afternoon,1,02:52 PM
1453,14,Afternoon,1,02:53 PM
1454,14,Afternoon,1,02:54 PM
1455,14,Afternoon,1,02:55 PM
1456,14,Afternoon,1,02:56 PM
1457,14,Afternoon,1,02:57 PM
1458,14,Afternoon,1,02:58 PM
1459,14,Afternoon,1,02:59 PM
1500,15,Afternoon,1,03:00 PM
1501,15,Afternoon,1,03:01 PM
1502,15,Afternoon,1,03:02 PM
1503,15,Afternoon,1,03:03 PM
1504,15,Afternoon,1,03:04 PM
1505,15,Afternoon,1,03:05 PM
1506,15,Afternoon,1,03:06 PM
1507,15,Afternoon,1,03:07 PM
1508,15,Afternoon,1,03:08 PM
1509,15,Afternoon,1,03:09 PM
1510,15,Afternoon,1,03:10 PM
1511,15,Afternoon,1,03:11 PM
1512,15,Afternoon,1,03:12 PM
1513,15,Afternoon,1,03:13 PM
1514,15,Afternoon,1,03:14 PM
1515,15,Afternoon,1,03:15 PM
1516,15,Afternoon,1,03:16 PM
1517,15,Afternoon,1,03:17 PM
1518,15,Afternoon,1,03:18 PM
1519,15,Afternoon,1,03:19 PM
1520,15,Afternoon,1,03:20 PM
1521,15,Afternoon,1,03:21 PM
1522,15,Afternoon,1,03:22 PM
1523,15,Afternoon,1,03:23 PM
1524,15,Afternoon,1,03:24 PM
1525,15,Afternoon,1,03:25 PM
1526,15,Afternoon,1,03:26 PM
1527,15,Afternoon,1,03:27 PM
1528,15,Afternoon,1,03:28 PM
1529,15,Afternoon,1,03:29 PM
1530,15,Afternoon,1,03:30 PM
1531,15,Afternoon,1,03:31 PM
1532,15,Afternoon,1,03:32 PM
1533,15,Afternoon,1,03:33 PM
1534,15,Afternoon,1,03:34 PM
1535,15,Afternoon,1,03:35 PM
1536,15,Afternoon,1,03:36 PM
1537,15,Afternoon,1,03:37 PM
1538,15,Afternoon,1,03:38 PM
1539,15,Afternoon,1,03:39 PM
1540,15,Afternoon,1,03:40 PM
1541,15,Afternoon,1,03:41 PM
1542,15,Afternoon,1,03:42 PM
1543,15,Afternoon,1,03:43 PM
1544,15,Afternoon,1,03:44 PM
1545,15,Afternoon,1,03:45 PM
1546,15,Afternoon,1,03:46 PM
1547,15,Afternoon,1,03:47 PM
1548,15,Afternoon,1,03:48 PM
1549,15,Afternoon,1,03:49 PM
1550,15,Afternoon,1,03:50 PM
1551,15,Afternoon,1,03:51 PM
1552,15,Afternoon,1,03:52 PM
1553,15,Afternoon,1,03:53 PM
1554,15,Afternoon,1,03:54 PM
1555,15,Afternoon,1,03:55 PM
1556,15,Afternoon,1,03:56 PM
1557,15,Afternoon,1,03:57 PM
1558,15,Afternoon,1,03:58 PM
1559,15,Afternoon,1,03:59 PM
1600,16,Afternoon,1,04:00 PM
1601,16,Afternoon,1,04:01 PM
1602,16,Afternoon,1,04:02 PM
1603,16,Afternoon,1,04:03 PM
1604,16,Afternoon,1,04:04 PM
1605,16,Afternoon,1,04:05 PM
1606,16,Afternoon,1,04:06 PM
1607,16,Afternoon,1,04:07 PM
1608,16,Afternoon,1,04:08 PM
1609,16,Afternoon,1,04:09 PM
1610,16,Afternoon,1,04:10 PM
1611,16,Afternoon,1,04:11 PM
1612,16,Afternoon,1,04:12 PM
1613,16,Afternoon,1,04:13 PM
1614,16,Afternoon,1,04:14 PM
1615,16,Afternoon,1,04:15 PM
1616,16,Afternoon,1,04:16 PM
1617,16,Afternoon,1,04:17 PM
1618,16,Afternoon,1,04:18 PM
1619,16,Afternoon,1,04:19 PM
1620,16,Afternoon,1,04:20 PM
1621,16,Afternoon,1,04:21 PM
1622,16,Afternoon,1,04:22 PM
1623,16,Afternoon,1,04:23 PM
1624,16,Afternoon,1,04:24 PM
1625,16,Afternoon,1,04:25 PM
1626,16,Afternoon,1,04:26 PM
1627,16,Afternoon,1,04:27 PM
1628,16,Afternoon,1,04:28 PM
1629,16,Afternoon,1,04:29 PM
1630,16,Afternoon,1,04:30 PM
1631,16,Afternoon,1,04:31 PM
1632,16,Afternoon,1,04:32 PM
1633,16,Afternoon,1,04:33 PM
1634,16,Afternoon,1,04:34 PM
1635,16,Afternoon,1,04:35 PM
1636,16,Afternoon,1,04:36 PM
1637,16,Afternoon,1,04:37 PM
1638,16,Afternoon,1,04:38 PM
1639,16,Afternoon,1,04:39 PM
1640,16,Afternoon,1,04:40 PM
1641,16,Afternoon,1,04:41 PM
1642,16,Afternoon,1,04:42 PM
1643,16,Afternoon,1,04:43 PM
1644,16,Afternoon,1,04:44 PM
1645,16,Afternoon,1,04:45 PM
1646,16,Afternoon,1,04:46 PM
1647,16,Afternoon,1,04:47 PM
1648,16,Afternoon,1,04:48 PM
1649,16,Afternoon,1,04:49 PM
1650,16,Afternoon,1,04:50 PM
1651,16,Afternoon,1,04:51 PM
1652,16,Afternoon,1,04:52 PM
1653,16,Afternoon,1,04:53 PM
1654,16,Afternoon,1,04:54 PM
1655,16,Afternoon,1,04:55 PM
1656,16,Afternoon,1,04:56 PM
1657,16,Afternoon,1,04:57 PM
1658,16,Afternoon,1,04:58 PM
1659,16,Afternoon,1,04:59 PM
1700,17,Evening,1,05:00 PM
1701,17,Evening,1,05:01 PM
1702,17,Evening,1,05:02 PM
1703,17,Evening,1,05:03 PM
1704,17,Evening,1,05:04 PM
1705,17,Evening,1,05:05 PM
1706,17,Evening,1,05:06 PM
1707,17,Evening,1,05:07 PM
1708,17,Evening,1,05:08 PM
1709,17,Evening,1,05:09 PM
1710,17,Evening,1,05:10 PM
1711,17,Evening,1,05:11 PM
1712,17,Evening,1,05:12 PM
1713,17,Evening,1,05:13 PM
1714,17,Evening,1,05:14 PM
1715,17,Evening,1,05:15 PM
1716,17,Evening,1,05:16 PM
1717,17,Evening,1,05:17 PM
1718,17,Evening,1,05:18 PM
1719,17,Evening,1,05:19 PM
1720,17,Evening,1,05:20 PM
1721,17,Evening,1,05:21 PM
1722,17,Evening,1,05:22 PM
1723,17,Evening,1,05:23 PM
1724,17,Evening,1,05:24 PM
1725,17,Evening,1,05:25 PM
1726,17,Evening,1,05:26 PM
1727,17,Evening,1,05:27 PM
1728,17,Evening,1,05:28 PM
1729,17,Evening,1,05:29 PM
1730,17,Evening,1,05:30 PM
1731,17,Evening,1,05:31 PM
1732,17,Evening,1,05:32 PM
1733,17,Evening,1,05:33 PM
1734,17,Evening,1,05:34 PM
1735,17,Evening,1,05:35 PM
1736,17,Evening,1,05:36 PM
1737,17,Evening,1,05:37 PM
1738,17,Evening,1,05:38 PM
1739,17,Evening,1,05:39 PM
1740,17,Evening,1,05:40 PM
1741,17,Evening,1,05:41 PM
1742,17,Evening,1,05:42 PM
1743,17,Evening,1,05:43 PM
1744,17,Evening,1,05:44 PM
1745,17,Evening,1,05:45 PM
1746,17,Evening,1,05:46 PM
1747,17,Evening,1,05:47 PM
1748,17,Evening,1,05:48 PM
1749,17,Evening,1,05:49 PM
1750,17,Evening,1,05:50 PM
1751,17,Evening,1,05:51 PM
1752,17,Evening,1,05:52 PM
1753,17,Evening,1,05:53 PM
1754,17,Evening,1,05:54 PM
1755,17,Evening,1,05:55 PM
1756,17,Evening,1,05:56 PM
1757,17,Evening,1,05:57 PM
1758,17,Evening,1,05:58 PM
1759,17,Evening,1,05:59 PM
1800,18,Evening,1,06:00 PM
1801,18,Evening,1,06:01 PM
1802,18,Evening,1,06:02 PM
1803,18,Evening,1,06:03 PM
1804,18,Evening,1,06:04 PM
1805,18,Evening,1,06:05 PM
1806,18,Evening,1,06:06 PM
1807,18,Evening,1,06:07 PM
1808,18,Evening,1,06:08 PM
1809,18,Evening,1,06:09 PM
1810,18,Evening,1,06:10 PM
1811,18,Evening,1,06:11 PM
1812,18,Evening,1,06:12 PM
1813,18,Evening,1,06:13 PM
1814,18,Evening,1,06:14 PM
1815,18,Evening,1,06:15 PM
1816,18,Evening,1,06:16 PM
1817,18,Evening,1,06:17 PM
1818,18,Evening,1,06:18 PM
1819,18,Evening,1,06:19 PM
1820,18,Evening,1,06:20 PM
1821,18,Evening,1,06:21 PM
1822,18,Evening,1,06:22 PM
1823,18,Evening,1,06:23 PM
1824,18,Evening,1,06:24 PM
1825,18,Evening,1,06:25 PM
1826,18,Evening,1,06:26 PM
1827,18,Evening,1,06:27 PM
1828,18,Evening,1,06:28 PM
1829,18,Evening,1,06:29 PM
1830,18,Evening,1,06:30 PM
1831,18,Evening,1,06:31 PM
1832,18,Evening,1,06:32 PM
1833,18,Evening,1,06:33 PM
1834,18,Evening,1,06:34 PM
1835,18,Evening,1,06:35 PM
1836,18,Evening,1,06:36 PM
1837,18,Evening,1,06:37 PM
1838,18,Evening,1,06:38 PM
1839,18,Evening,1,06:39 PM
1840,18,Evening,1,06:40 PM
1841,18,Evening,1,06:41 PM
1842,18,Evening,1,06:42 PM
1843,18,Evening,1,06:43 PM
1844,18,Evening,1,06:44 PM
1845,18,Evening,1,06:45 PM
1846,18,Evening,1,06:46 PM
1847,18,Evening,1,06:47 PM
1848,18,Evening,1,06:48 PM
1849,18,Evening,1,06:49 PM
1850,18,Evening,1,06:50 PM
1851,18,Evening,1,06:51 PM
1852,18,Evening,1,06:52 PM
1853,18,Evening,1,06:53 PM
1854,18,Evening,1,06:54 PM
1855,18,Evening,1,06:55 PM
1856,18,Evening,1,06:56 PM
1857,18,Evening,1,06:57 PM
1858,18,Evening,1,06:58 PM
1859,18,Evening,1,06:59 PM
1900,19,Evening,0,07:00 PM
1901,19,Evening,0,07:01 PM
1902,19,Evening,0,07:02 PM
1903,19,Evening,0,07:03 PM
1904,19,Evening,0,07:04 PM
1905,19,Evening,0,07:05 PM
1906,19,Evening,0,07:06 PM
1907,19,Evening,0,07:07 PM
1908,19,Evening,0,07:08 PM
1909,19,Evening,0,07:09 PM
1910,19,Evening,0,07:10 PM
1911,19,Evening,0,07:11 PM
1912,19,Evening,0,07:12 PM
1913,19,Evening,0,07:13 PM
1914,19,Evening,0,07:14 PM
1915,19,Evening,0,07:15 PM
1916,19,Evening,0,07:16 PM
1917,19,Evening,0,07:17 PM
1918,19,Evening,0,07:18 PM
1919,19,Evening,0,07:19 PM
1920,19,Evening,0,07:20 PM
1921,19,Evening,0,07:21 PM
1922,19,Evening,0,07:22 PM
1923,19,Evening,0,07:23 PM
1924,19,Evening,0,07:24 PM
1925,19,Evening,0,07:25 PM
1926,19,Evening,0,07:26 PM
1927,19,Evening,0,07:27 PM
1928,19,Evening,0,07:28 PM
1929,19,Evening,0,07:29 PM
1930,19,Evening,0,07:30 PM
1931,19,Evening,0,07:31 PM
1932,19,Evening,0,07:32 PM
1933,19,Evening,0,07:33 PM
1934,19,Evening,0,07:34 PM
1935,19,Evening,0,07:35 PM
1936,19,Evening,0,07:36 PM
1937,19,Evening,0,07:37 PM
1938,19,Evening,0,07:38 PM
1939,19,Evening,0,07:39 PM
1940,19,Evening,0,07:40 PM
1941,19,Evening,0,07:41 PM
1942,19,Evening,0,07:42 PM
1943,19,Evening,0,07:43 PM
1944,19,Evening,0,07:44 PM
1945,19,Evening,0,07:45 PM
1946,19,Evening,0,07:46 PM
1947,19,Evening,0,07:47 PM
1948,19,Evening,0,07:48 PM
1949,19,Evening,0,07:49 PM
1950,19,Evening,0,07:50 PM
1951,19,Evening,0,07:51 PM
1952,19,Evening,0,07:52 PM
1953,19,Evening,0,07:53 PM
1954,19,Evening,0,07:54 PM
1955,19,Evening,0,07:55 PM
1956,19,Evening,0,07:56 PM
1957,19,Evening,0,07:57 PM
1958,19,Evening,0,07:58 PM
1959,19,Evening,0,07:59 PM
2000,20,Evening,0,08:00 PM
2001,20,Evening,0,08:01 PM
2002,20,Evening,0,08:02 PM
2003,20,Evening,0,08:03 PM
2004,20,Evening,0,08:04 PM
2005,20,Evening,0,08:05 PM
2006,20,Evening,0,08:06 PM
2007,20,Evening,0,08:07 PM
2008,20,Evening,0,08:08 PM
2009,20,Evening,0,08:09 PM
2010,20,Evening,0,08:10 PM
2011,20,Evening,0,08:11 PM
2012,20,Evening,0,08:12 PM
2013,20,Evening,0,08:13 PM
2014,20,Evening,0,08:14 PM
2015,20,Evening,0,08:15 PM
2016,20,Evening,0,08:16 PM
2017,20,Evening,0,08:17 PM
2018,20,Evening,0,08:18 PM
2019,20,Evening,0,08:19 PM
2020,20,Evening,0,08:20 PM
2021,20,Evening,0,08:21 PM
2022,20,Evening,0,08:22 PM
2023,20,Evening,0,08:23 PM
2024,20,Evening,0,08:24 PM
2025,20,Evening,0,08:25 PM
2026,20,Evening,0,08:26 PM
2027,20,Evening,0,08:27 PM
2028,20,Evening,0,08:28 PM
2029,20,Evening,0,08:29 PM
2030,20,Evening,0,08:30 PM
2031,20,Evening,0,08:31 PM
2032,20,Evening,0,08:32 PM
2033,20,Evening,0,08:33 PM
2034,20,Evening,0,08:34 PM
2035,20,Evening,0,08:35 PM
2036,20,Evening,0,08:36 PM
2037,20,Evening,0,08:37 PM
2038,20,Evening,0,08:38 PM
2039,20,Evening,0,08:39 PM
2040,20,Evening,0,08:40 PM
2041,20,Evening,0,08:41 PM
2042,20,Evening,0,08:42 PM
2043,20,Evening,0,08:43 PM
2044,20,Evening,0,08:44 PM
2045,20,Evening,0,08:45 PM
2046,20,Evening,0,08:46 PM
2047,20,Evening,0,08:47 PM
2048,20,Evening,0,08:48 PM
2049,20,Evening,0,08:49 PM
2050,20,Evening,0,08:50 PM
2051,20,Evening,0,08:51 PM
2052,20,Evening,0,08:52 PM
2053,20,Evening,0,08:53 PM
2054,20,Evening,0,08:54 PM
2055,20,Evening,0,08:55 PM
2056,20,Evening,0,08:56 PM
2057,20,Evening,0,08:57 PM
2058,20,Evening,0,08:58 PM
2059,20,Evening,0,08:59 PM
2100,21,Night,0,09:00 PM
2101,21,Night,0,09:01 PM
2102,21,Night,0,09:02 PM
2103,21,Night,0,09:03 PM
2104,21,Night,0,09:04 PM
2105,21,Night,0,09:05 PM
2106,21,Night,0,09:06 PM
2107,21,Night,0,09:07 PM
2108,21,Night,0,09:08 PM
2109,21,Night,0,09:09 PM
2110,21,Night,0,09:10 PM
2111,21,Night,0,09:11 PM
2112,21,Night,0,09:12 PM
2113,21,Night,0,09:13 PM
2114,21,Night,0,09:14 PM
2115,21,Night,0,09:15 PM
2116,21,Night,0,09:16 PM
2117,21,Night,0,09:17 PM
2118,21,Night,0,09:18 PM
2119,21,Night,0,09:19 PM
2120,21,Night,0,09:20 PM
2121,21,Night,0,09:21 PM
2122,21,Night,0,09:22 PM
2123,21,Night,0,09:23 PM
2124,21,Night,0,09:24 PM
2125,21,Night,0,09:25 PM
2126,21,Night,0,09:26 PM
2127,21,Night,0,09:27 PM
2128,21,Night,0,09:28 PM
2129,21,Night,0,09:29 PM
2130,21,Night,0,09:30 PM
2131,21,Night,0,09:31 PM
2132,21,Night,0,09:32 PM
2133,21,Night,0,09:33 PM
2134,21,Night,0,09:34 PM
2135,21,Night,0,09:35 PM
2136,21,Night,0,09:36 PM
2137,21,Night,0,09:37 PM
2138,21,Night,0,09:38 PM
2139,21,Night,0,09:39 PM
2140,21,Night,0,09:40 PM
2141,21,Night,0,09:41 PM
2142,21,Night,0,09:42 PM
2143,21,Night,0,09:43 PM
2144,21,Night,0,09:44 PM
2145,21,Night,0,09:45 PM
2146,21,Night,0,09:46 PM
2147,21,Night,0,09:47 PM
2148,21,Night,0,09:48 PM
2149,21,Night,0,09:49 PM
2150,21,Night,0,09:50 PM
2151,21,Night,0,09:51 PM
2152,21,Night,0,09:52 PM
2153,21,Night,0,09:53 PM
2154,21,Night,0,09:54 PM
2155,21,Night,0,09:55 PM
2156,21,Night,0,09:56 PM
2157,21,Night,0,09:57 PM
2158,21,Night,0,09:58 PM
2159,21,Night,0,09:59 PM
2200,22,Night,0,10:00 PM
2201,22,Night,0,10:01 PM
2202,22,Night,0,10:02 PM
2203,22,Night,0,10:03 PM
2204,22,Night,0,10:04 PM
2205,22,Night,0,10:05 PM
2206,22,Night,0,10:06 PM
2207,22,Night,0,10:07 PM
2208,22,Night,0,10:08 PM
2209,22,Night,0,10:09 PM
2210,22,Night,0,10:10 PM
2211,22,Night,0,10:11 PM
2212,22,Night,0,10:12 PM
2213,22,Night,0,10:13 PM
2214,22,Night,0,10:14 PM
2215,22,Night,0,10:15 PM
2216,22,Night,0,10:16 PM
2217,22,Night,0,10:17 PM
2218,22,Night,0,10:18 PM
2219,22,Night,0,10:19 PM
2220,22,Night,0,10:20 PM
2221,22,Night,0,10:21 PM
2222,22,Night,0,10:22 PM
2223,22,Night,0,10:23 PM
2224,22,Night,0,10:24 PM
2225,22,Night,0,10:25 PM
2226,22,Night,0,10:26 PM
2227,22,Night,0,10:27 PM
2228,22,Night,0,10:28 PM
2229,22,Night,0,10:29 PM
2230,22,Night,0,10:30 PM
2231,22,Night,0,10:31 PM
2232,22,Night,0,10:32 PM
2233,22,Night,0,10:33 PM
2234,22,Night,0,10:34 PM
2235,22,Night,0,10:35 PM
2236,22,Night,0,10:36 PM
2237,22,Night,0,10:37 PM
2238,22,Night,0,10:38 PM
2239,22,Night,0,10:39 PM
2240,22,Night,0,10:40 PM
2241,22,Night,0,10:41 PM
2242,22,Night,0,10:42 PM
2243,22,Night,0,10:43 PM
2244,22,Night,0,10:44 PM
2245,22,Night,0,10:45 PM
2246,22,Night,0,10:46 PM
2247,22,Night,0,10:47 PM
2248,22,Night,0,10:48 PM
2249,22,Night,0,10:49 PM
2250,22,Night,0,10:50 PM
2251,22,Night,0,10:51 PM
2252,22,Night,0,10:52 PM
2253,22,Night,0,10:53 PM
2254,22,Night,0,10:54 PM
2255,22,Night,0,10:55 PM
2256,22,Night,0,10:56 PM
2257,22,Night,0,10:57 PM
2258,22,Night,0,10:58 PM
2259,22,Night,0,10:59 PM
2300,23,Night,0,11:00 PM
2301,23,Night,0,11:01 PM
2302,23,Night,0,11:02 PM
2303,23,Night,0,11:03 PM
2304,23,Night,0,11:04 PM
2305,23,Night,0,11:05 PM
2306,23,Night,0,11:06 PM
2307,23,Night,0,11:07 PM
2308,23,Night,0,11:08 PM
2309,23,Night,0,11:09 PM
2310,23,Night,0,11:10 PM
2311,23,Night,0,11:11 PM
2312,23,Night,0,11:12 PM
2313,23,Night,0,11:13 PM
2314,23,Night,0,11:14 PM
2315,23,Night,0,11:15 PM
2316,23,Night,0,11:16 PM
2317,23,Night,0,11:17 PM
2318,23,Night,0,11:18 PM
2319,23,Night,0,11:19 PM
2320,23,Night,0,11:20 PM
2321,23,Night,0,11:21 PM
2322,23,Night,0,11:22 PM
2323,23,Night,0,11:23 PM
2324,23,Night,0,11:24 PM
2325,23,Night,0,11:25 PM
2326,23,Night,0,11:26 PM
2327,23,Night,0,11:27 PM
2328,23,Night,0,11:28 PM
2329,23,Night,0,11:29 PM
2330,23,Night,0,11:30 PM
2331,23,Night,0,11:31 PM
2332,23,Night,0,11:32 PM
2333,23,Night,0,11:33 PM
2334,23,Night,0,11:34 PM
2335,23,Night,0,11:35 PM
2336,23,Night,0,11:36 PM
2337,23,Night,0,11:37 PM
2338,23,Night,0,11:38 PM
2339,23,Night,0,11:39 PM
2340,23,Night,0,11:40 PM
2341,23,Night,0,11:41 PM
2342,23,Night,0,11:42 PM
2343,23,Night,0,11:43 PM
2344,23,Night,0,11:44 PM
2345,23,Night,0,11:45 PM
2346,23,Night,0,11:46 PM
2347,23,Night,0,11:47 PM
2348,23,Night,0,11:48 PM
2349,23,Night,0,11:49 PM
2350,23,Night,0,11:50 PM
2351,23,Night,0,11:51 PM
2352,23,Night,0,11:52 PM
2353,23,Night,0,11:53 PM
2354,23,Night,0,11:54 PM
2355,23,Night,0,11:55 PM
2356,23,Night,0,11:56 PM
2357,23,Night,0,11:57 PM
2358,23,Night,0,11:58 PM
2359,23,Night,0,11:59 PM
